number,exp,child,tax,fin,natur,edu,self
1737,97980.77,1,0.0,7500,10113.74,2.0,3.0
1738,118401.88,1,28740.0,2500,2000.0,4.0,2.0
1739,152660.04,3,33400.0,22500,0.0,2.0,2.0
1740,170354.6,2,31800.0,7500,3400.0,3.0,3.0
1741,66187.1,1,0.0,0,0.0,3.0,3.0
1742,60396.28,1,0.0,0,0.0,2.0,2.0
1743,124030.54,2,24480.0,0,0.0,3.0,3.0
1744,160046.32,2,46000.0,1200,0.0,3.0,3.0
1745,94233.75,1,15300.0,0,0.0,5.0,3.0
1746,144298.75,1,31200.0,0,0.0,5.0,3.0
1747,72320.42,1,0.0,2500,0.0,4.0,2.0
1748,194968.03,1,46340.0,12500,0.0,5.0,4.0
1749,233494.79,3,42590.0,12500,0.0,2.0,3.0
1750,207894.3,1,61510.0,17500,0.0,5.0,4.0
1751,161818.8,1,30950.0,12500,0.0,4.0,4.0
1752,184619.57,1,19350.0,2500,0.0,5.0,3.0
1753,147757.3,1,30000.0,0,0.0,4.0,3.0
1754,223201.12,1,42750.0,0,0.0,5.0,4.0
1755,149864.46,1,34400.0,55000,0.0,4.0,3.0
1756,186160.04,1,44200.0,56500,0.0,3.0,3.0
1757,238728.63,1,38000.0,10000,0.0,5.0,3.0
1758,101164.34,1,20400.0,2500,0.0,5.0,3.0
1759,54742.19,1,14960.0,12500,0.0,3.0,3.0
1760,174887.29,1,37970.0,7500,0.0,4.0,3.0
1761,68345.11,1,28790.0,2500,0.0,3.0,3.0
1762,51302.39,1,0.0,12500,0.0,5.0,3.0
1763,201341.56,1,38778.0,5000,0.0,5.0,4.0
1764,182328.18,1,64080.0,12500,0.0,5.0,3.0
1765,143889.07,1,0.0,2500,0.0,5.0,3.0
1766,152899.9,1,46504.0,12500,0.0,5.0,4.0
1767,156538.75,1,0.0,0,0.0,5.0,3.0
1768,179052.95,1,21446.0,2500,0.0,5.0,3.0
1769,151136.77,1,22904.0,0,0.0,5.0,3.0
1770,237611.49,1,67996.0,12500,0.0,5.0,4.0
1771,129452.75,1,37430.0,0,0.0,5.0,4.0
1772,73921.08,1,13490.0,2500,0.0,5.0,3.0
1773,108094.85,1,17860.0,2500,0.0,4.0,4.0
1774,130936.12,1,25350.0,87500,0.0,4.0,3.0
1775,107307.2,1,18984.0,7500,0.0,5.0,3.0
1776,172912.24,1,46645.0,137500,0.0,4.0,3.0
1777,99603.63,1,0.0,-50000,0.0,5.0,2.0
1778,90974.61,1,0.0,0,0.0,5.0,2.0
1779,224076.45,1,38020.0,45000,0.0,5.0,3.0
1780,130256.54,1,32727.03,0,0.0,3.0,2.0
1781,55259.8,1,0.0,0,0.0,5.0,3.0
1782,108760.68,1,27001.0,0,0.0,4.0,3.0
1783,128701.77,1,42459.0,0,0.0,4.0,5.0
1784,159845.6,1,51700.0,17500,0.0,4.0,3.0
1785,84859.29,1,0.0,2500,0.0,5.0,3.0
1786,109914.73,1,25950.0,2500,0.0,4.0,3.0
1787,199209.02,2,78000.0,45000,0.0,3.0,5.0
1788,225612.5,2,70200.0,45000,0.0,3.0,5.0
1789,139195.0,1,11700.0,7500,0.0,3.0,3.0
1790,168972.36,1,27300.0,2500,0.0,4.0,3.0
1791,113610.82,1,23790.0,22500,0.0,4.0,4.0
1792,145619.69,1,25832.0,2500,0.0,5.0,3.0
1793,135518.49,3,23298.0,2500,0.0,2.0,3.0
1794,226094.18,1,40080.0,2500,0.0,5.0,3.0
1795,182237.09,1,25398.0,2500,0.0,4.0,3.0
1796,156294.43,3,26200.0,7500,0.0,2.0,3.0
1797,330933.04,2,40800.0,2500,0.0,3.0,3.0
1798,212073.15,2,62140.0,12500,0.0,3.0,4.0
1799,225774.57,1,64490.0,45000,0.0,4.0,4.0
1800,241211.5,1,34430.0,2500,0.0,3.0,3.0
1801,139770.5,2,26700.0,5000,0.0,2.0,3.0
1802,256321.41,1,35468.0,12500,0.0,5.0,3.0
1803,124498.09,1,38600.0,55000,0.0,5.0,3.0
1804,224138.99,2,30420.0,0,0.0,3.0,2.0
1805,112274.29,1,36300.0,7500,0.0,5.0,2.0
1806,110836.87,1,23000.0,2500,0.0,4.0,2.0
1807,129711.09,2,25000.0,12500,0.0,3.0,2.0
1808,274864.94,2,60743.0,7500,0.0,3.0,4.0
1809,244352.43,3,49509.0,45000,0.0,2.0,4.0
1810,184055.74,2,41800.0,7500,0.0,3.0,3.0
1811,159902.19,1,24100.0,17500,0.0,4.0,4.0
1812,210935.66,2,31970.0,12500,0.0,3.0,3.0
1813,440520.62,1,83680.0,17500,0.0,5.0,3.0
1814,172924.57,2,50240.0,1000,0.0,3.0,3.0
1815,116690.17,1,24050.0,500,0.0,5.0,4.0
1816,310246.48,1,78930.0,1000,0.0,5.0,6.0
1817,161300.22,2,50440.0,-43800,0.0,4.0,6.0
1818,116655.83,1,31580.0,700,0.0,5.0,4.0
1819,205582.63,1,38531.0,32400,0.0,5.0,5.0
1820,195312.52,3,36500.0,0,0.0,3.0,3.0
1821,75283.14,1,0.0,2500,0.0,5.0,3.0
1822,57298.54,1,0.0,0,0.0,5.0,3.0
1823,129147.42,1,44700.0,17500,0.0,5.0,3.0
1824,122730.45,1,62700.0,17500,0.0,4.0,3.0
1825,111869.57,1,44900.0,0,0.0,4.0,4.0
1826,259100.72,1,22000.0,32000,0.0,5.0,3.0
1827,80850.45,1,0.0,50000,0.0,5.0,3.0
1828,224712.01,2,33500.0,5000,0.0,3.0,4.0
1829,238239.29,2,57000.0,150000,0.0,3.0,5.0
1830,219721.79,1,52399.0,4000,0.0,4.0,3.0
1831,289849.84,1,33893.0,2500,0.0,4.0,4.0
1832,167954.85,2,28140.0,4000,0.0,4.0,3.0
1833,140310.94,1,33424.0,4000,0.0,5.0,3.0
1834,163816.62,1,40960.0,2500,0.0,5.0,4.0
1835,127720.04,1,23410.0,2000,0.0,5.0,2.0
1836,205047.35,3,30850.0,3000,0.0,3.0,3.0
1837,133646.21,1,52000.0,600,0.0,5.0,5.0
1838,288210.28,1,82800.0,1500,0.0,5.0,0.0
1839,229984.08,2,62900.0,3000,0.0,3.0,0.0
1840,175368.96,1,0.0,2000,0.0,4.0,3.0
1841,261991.53,3,39050.0,2700,0.0,2.0,5.0
1842,204676.54,1,57100.0,3000,0.0,4.0,0.0
1843,114351.77,1,21900.0,2500,0.0,5.0,0.0
1844,132718.66,1,58700.0,12500,0.0,4.0,4.0
1845,137308.86,1,35900.0,7500,0.0,5.0,3.0
1846,136231.71,1,35021.0,7500,0.0,5.0,4.0
1847,105653.88,1,19000.0,12500,2500.0,4.0,3.0
1848,217096.88,1,63000.0,12500,0.0,5.0,3.0
1849,113006.84,1,12480.0,3000,0.0,5.0,3.0
1850,90130.65,1,17740.0,-3500,0.0,3.0,3.0
1851,208533.03,2,44335.0,-15000,0.0,3.0,4.0
1852,170317.23,1,32720.0,0,0.0,5.0,4.0
1853,96921.34,3,5604.0,0,0.0,2.0,2.0
1854,310092.61,2,48886.0,0,0.0,3.0,4.0
1855,185241.57,2,41150.0,-13900,0.0,3.0,4.0
1856,226361.28,1,51000.0,2000,0.0,4.0,4.0
1857,191472.76,1,29530.0,300,0.0,4.0,4.0
1858,101271.67,1,0.0,1100,0.0,5.0,2.0
1859,61956.54,1,0.0,400,0.0,4.0,2.0
1860,85863.46,1,11700.0,600,0.0,4.0,2.0
1861,211930.19,1,39920.0,13000,0.0,5.0,4.0
1862,260251.16,2,34580.0,7500,0.0,3.0,4.0
1863,258613.59,1,36530.0,2500,0.0,5.0,4.0
1864,220890.03,1,30280.0,2500,0.0,5.0,4.0
1865,340175.05,1,37050.0,17500,0.0,5.0,4.0
1866,145834.05,1,17300.0,7500,0.0,5.0,4.0
1867,154391.72,1,34750.0,2500,0.0,5.0,5.0
1868,166713.42,1,41700.0,7500,0.0,5.0,5.0
1869,167799.44,2,44400.0,2500,0.0,3.0,4.0
1870,214915.03,1,47996.0,2500,0.0,5.0,4.0
1871,209971.35,1,46560.0,2500,0.0,5.0,4.0
1872,212683.13,1,39844.0,2500,0.0,3.0,3.0
1873,269234.13,1,42300.0,2500,0.0,4.0,3.0
1874,139574.24,2,31200.0,12500,0.0,3.0,4.0
1875,68280.76,1,0.0,7500,0.0,4.0,3.0
1876,216043.97,1,56255.0,0,0.0,4.0,6.0
1877,176434.0,2,44380.0,0,0.0,3.0,6.0
1878,187656.12,1,68705.0,35000,0.0,5.0,6.0
1879,191574.45,2,55535.0,0,0.0,3.0,6.0
1880,92031.56,1,36900.0,2500,0.0,4.0,4.0
1881,128382.35,2,25900.0,2500,0.0,3.0,4.0
1882,88167.17,1,0.0,2500,0.0,4.0,2.0
1883,168680.74,1,37750.0,2500,0.0,5.0,3.0
1884,407270.92,2,144500.0,112500,0.0,3.0,6.0
1885,57438.0,1,2500.0,22500,0.0,5.0,3.0
1886,109404.72,1,47000.0,137500,0.0,4.0,3.0
1887,203048.78,1,57900.0,87500,0.0,4.0,3.0
1888,172557.26,1,28800.0,45000,0.0,4.0,3.0
1889,194281.71,2,33792.0,35000,20928.39,3.0,3.0
1890,238099.92,2,61406.0,27500,8000.0,4.0,4.0
1891,225870.35,3,42249.0,12500,19094.55,2.0,4.0
1892,135049.74,1,25840.0,0,0.0,5.0,3.0
1893,235091.13,1,43694.0,0,0.0,4.0,3.0
1894,130913.6,1,28033.0,7500,0.0,4.0,3.0
1895,182773.55,1,43383.0,2500,0.0,5.0,4.0
1896,268562.62,1,37708.0,-55000,700.0,4.0,3.0
1897,137276.43,1,21546.0,2500,3700.0,5.0,3.0
1898,234406.43,3,38530.0,0,0.0,3.0,3.0
1899,121434.94,2,16730.0,0,0.0,2.0,3.0
1900,64977.45,1,1930.0,0,0.0,5.0,2.0
1901,213168.84,1,21330.0,-47500,9000.0,5.0,6.0
1902,319333.06,3,26395.0,-12500,36243.78,2.0,5.0
1903,240710.13,2,35100.0,75000,7012.28,3.0,5.0
1904,78080.98,1,0.0,12500,0.0,2.0,2.0
1905,211515.12,2,30016.0,2500,0.0,2.0,6.0
1906,198107.32,1,65543.0,7500,0.0,5.0,4.0
1907,226369.12,1,49484.0,0,0.0,5.0,4.0
1908,244950.54,1,49362.0,2500,0.0,4.0,4.0
1909,172736.71,2,41102.0,0,0.0,3.0,4.0
1910,156848.21,1,19602.0,0,0.0,3.0,3.0
1911,262782.87,1,36042.0,0,0.0,5.0,4.0
1912,327000.72,1,44343.0,7500,0.0,5.0,4.0
1913,120823.01,1,29576.0,22500,0.0,5.0,3.0
1914,140998.61,2,39538.0,7500,0.0,3.0,3.0
1915,167145.03,3,47319.0,12500,0.0,3.0,4.0
1916,112401.44,1,20000.0,0,0.0,5.0,6.0
1917,153002.63,1,40700.0,7500,0.0,5.0,6.0
1918,122533.26,1,30500.0,2500,0.0,4.0,4.0
1919,59627.08,1,0.0,0,9855.13,4.0,2.0
1920,181442.2,1,40710.0,0,0.0,3.0,3.0
1921,103185.7,1,19650.0,0,0.0,5.0,3.0
1923,202024.32,1,32720.0,12500,7500.0,4.0,4.0
1924,204707.11,2,43850.0,7500,0.0,4.0,4.0
1925,147967.11,1,35270.0,7500,1928.44,5.0,3.0
1926,196795.95,1,41765.0,7500,0.0,4.0,4.0
1927,121707.99,1,12220.0,7500,0.0,4.0,3.0
1928,153291.49,1,14820.0,7500,0.0,5.0,3.0
1929,115715.0,1,19935.0,2500,0.0,4.0,3.0
1930,176068.51,1,28000.0,10000,0.0,5.0,3.0
1931,76170.94,1,0.0,20000,0.0,4.0,3.0
1932,118591.07,1,12000.0,50000,0.0,5.0,3.0
1933,143773.48,2,32600.0,22000,0.0,3.0,3.0
1934,32298.15,1,0.0,2500,0.0,2.0,2.0
1935,94098.5,2,29950.0,7500,0.0,2.0,2.0
1936,112495.69,2,21600.0,2500,0.0,3.0,3.0
1937,75912.11,1,7450.0,12500,0.0,5.0,3.0
1938,50623.82,1,0.0,12500,0.0,1.0,2.0
1939,191375.74,1,38920.0,12500,0.0,4.0,3.0
1940,208455.15,2,50270.0,12500,0.0,3.0,3.0
1941,187865.6,2,52370.0,2500,0.0,3.0,3.0
1942,283593.69,1,55931.0,8000,0.0,4.0,3.0
1943,164084.7,1,46800.0,5000,0.0,5.0,4.0
1944,234833.65,1,54878.0,3000,0.0,4.0,4.0
1945,178812.04,1,66856.0,12500,0.0,5.0,3.0
1946,248937.08,1,69856.0,7500,0.0,4.0,4.0
1947,117192.86,1,0.0,0,0.0,4.0,3.0
1949,216655.05,1,56916.0,12500,0.0,4.0,5.0
1950,297915.99,1,75021.0,7500,0.0,5.0,5.0
1951,159869.93,1,29396.0,0,0.0,5.0,3.0
1952,141918.76,1,50488.0,12500,0.0,5.0,4.0
1953,135526.34,1,44915.0,12500,0.0,5.0,4.0
1954,167577.39,1,44160.0,12500,0.0,5.0,4.0
1955,129811.42,1,36384.0,7500,0.0,5.0,4.0
1957,140639.35,3,19110.0,2500,0.0,2.0,3.0
1958,184831.61,3,29955.0,7500,0.0,2.0,4.0
1959,160180.0,1,31635.0,17500,0.0,5.0,4.0
1960,232902.23,2,94937.0,12500,0.0,4.0,3.0
1961,88137.63,1,0.0,0,0.0,5.0,2.0
1962,228465.42,1,38220.0,27500,0.0,4.0,3.0
1964,88088.18,1,6240.0,0,0.0,4.0,2.0
1965,74828.0,1,13650.0,0,7568.2,5.0,2.0
1967,65522.37,1,15360.0,0,0.0,4.0,2.0
1968,148421.33,3,49157.8,0,0.0,3.0,5.0
1969,174156.84,1,29216.0,7500,0.0,4.0,3.0
1970,217320.81,3,47400.0,7500,0.0,3.0,3.0
1971,167350.95,2,47800.0,7500,0.0,3.0,3.0
1972,104638.61,2,17700.0,0,0.0,2.0,2.0
1973,139726.44,1,36100.0,7500,0.0,3.0,3.0
1974,173693.89,2,38050.0,7500,0.0,2.0,3.0
1975,216973.07,1,35100.0,17500,0.0,5.0,4.0
1977,247658.61,1,46800.0,27500,0.0,4.0,5.0
1978,60232.83,1,0.0,6000,0.0,5.0,2.0
1979,210027.22,2,39940.0,0,0.0,3.0,3.0
1980,266946.57,1,55628.0,7500,0.0,5.0,4.0
1981,162654.03,1,32398.0,2500,0.0,4.0,3.0
1983,261353.46,1,50028.0,7500,0.0,5.0,4.0
1984,158579.36,1,34482.0,-172500,0.0,5.0,3.0
1985,283490.44,1,72390.0,22500,0.0,4.0,3.0
1986,344650.11,1,49880.0,55000,0.0,4.0,4.0
1987,155862.67,1,44500.0,0,0.0,5.0,3.0
1988,154087.61,1,53350.0,0,0.0,4.0,2.0
1989,234697.56,3,62882.0,117700,1528.47,3.0,4.0
1991,248804.21,3,71239.0,137500,0.0,3.0,4.0
1992,243186.42,1,42009.0,27500,0.0,3.0,4.0
1993,299971.64,2,53706.0,35000,0.0,3.0,4.0
1994,236519.14,2,52800.0,35000,0.0,3.0,4.0
1995,246965.29,1,52702.0,2500,0.0,4.0,6.0
1996,132502.05,1,50860.0,12500,0.0,5.0,3.0
1997,138893.8,1,11100.0,12500,0.0,5.0,3.0
1998,180670.41,1,35100.0,7500,0.0,3.0,3.0
1999,149140.74,1,8400.0,7500,0.0,4.0,3.0
2001,193343.44,1,31250.0,17500,0.0,5.0,3.0
2002,165028.56,1,24130.0,3200,0.0,4.0,3.0
2003,189723.54,1,58540.0,600,0.0,4.0,6.0
2004,122482.0,1,16150.0,1500,0.0,4.0,4.0
2005,189649.72,2,40350.0,1000,0.0,4.0,4.0
2006,88757.42,1,13693.0,27300,0.0,5.0,3.0
2007,73058.15,1,14518.0,19300,0.0,5.0,3.0
2008,153593.84,2,28936.0,24900,0.0,3.0,4.0
2009,179538.03,1,25528.0,21800,0.0,4.0,4.0
2010,96034.65,1,20600.0,7500,0.0,4.0,3.0
2011,115120.91,1,41350.0,7500,0.0,5.0,4.0
2012,107229.07,1,23650.0,0,0.0,5.0,3.0
2014,191963.69,1,49600.0,17500,0.0,4.0,3.0
2015,260178.06,3,35000.0,700,0.0,2.0,4.0
2018,139852.12,1,37620.0,5000,0.0,5.0,3.0
2019,85850.43,1,12617.0,2000,0.0,4.0,2.0
2020,170768.98,1,38990.0,4000,0.0,5.0,3.0
2022,150312.15,1,18566.0,4000,0.0,5.0,3.0
2023,164815.88,3,64100.0,1000,0.0,3.0,5.0
2024,150347.95,1,44800.0,1000,0.0,5.0,0.0
2025,307942.18,1,69700.0,67500,0.0,5.0,4.0
2026,193930.61,1,63000.0,1500,0.0,5.0,0.0
2027,179371.62,1,56550.0,1800,0.0,5.0,4.0
2028,122496.5,1,16300.0,12500,0.0,4.0,4.0
2029,156199.92,2,45100.0,2500,0.0,3.0,4.0
2030,119756.52,1,3500.0,2500,0.0,5.0,3.0
2032,148410.5,1,20100.0,7500,0.0,4.0,2.0
2033,117254.34,1,31800.0,7500,0.0,5.0,3.0
2034,93952.12,2,26910.0,0,0.0,3.0,3.0
2035,304566.66,3,64496.0,64689,0.0,3.0,4.0
2036,278586.04,1,52147.0,0,0.0,5.0,4.0
2037,119646.14,1,5464.0,0,0.0,5.0,4.0
2038,221787.19,2,45305.0,0,0.0,3.0,4.0
2039,214127.42,1,54101.0,0,0.0,5.0,5.0
2040,253744.93,1,49799.0,0,0.0,5.0,5.0
2041,244428.24,1,32800.0,500,0.0,4.0,3.0
2043,172157.27,1,31200.0,2000,0.0,5.0,3.0
2044,87623.85,1,0.0,300,0.0,5.0,2.0
2046,174964.81,1,42166.0,12500,0.0,5.0,4.0
2047,328035.55,2,44510.0,7500,0.0,3.0,4.0
2048,311141.4,1,27522.0,-25000,0.0,5.0,4.0
2049,191709.88,1,18520.0,0,0.0,5.0,4.0
2050,255600.1,1,37284.0,7500,0.0,5.0,4.0
2051,317501.66,1,57950.0,2500,0.0,4.0,5.0
2052,171201.78,1,49440.0,2500,0.0,4.0,5.0
2053,231124.24,1,42850.0,2500,0.0,5.0,4.0
2054,183890.6,2,40509.0,2500,0.0,3.0,3.0
2055,175878.95,1,23400.0,2500,0.0,5.0,3.0
2056,217394.59,2,27300.0,2500,0.0,4.0,3.0
2057,139062.54,2,27949.0,2500,0.0,3.0,3.0
2058,188198.5,3,19500.0,2500,0.0,3.0,3.0
2059,82000.07,1,0.0,2500,0.0,5.0,3.0
2060,206527.94,2,23400.0,2500,0.0,4.0,3.0
2061,88876.46,1,0.0,2500,0.0,4.0,3.0
2062,161825.33,1,15600.0,2500,0.0,5.0,3.0
2063,303613.86,2,47649.0,2500,0.0,3.0,3.0
2064,132564.38,1,46900.0,22500,0.0,5.0,4.0
2065,114573.99,1,50600.0,22500,0.0,4.0,4.0
2066,119432.73,1,57200.0,27500,0.0,5.0,4.0
2067,87622.04,1,0.0,17500,0.0,4.0,4.0
2068,103965.14,2,26350.0,17500,0.0,3.0,3.0
2069,182383.77,1,39955.0,15000,0.0,4.0,6.0
2070,185999.09,1,36545.0,10000,0.0,4.0,6.0
2071,212407.67,2,45220.0,18000,0.0,4.0,6.0
2072,103272.14,1,17930.0,0,0.0,5.0,3.0
2073,165017.34,1,38025.0,35000,0.0,5.0,3.0
2074,90848.3,1,23200.0,2500,0.0,4.0,5.0
2075,73328.74,1,26600.0,2500,0.0,4.0,6.0
2076,626233.58,2,87650.0,5500,12500.0,3.0,4.0
2078,104164.12,1,13200.0,2500,0.0,5.0,3.0
2079,165594.41,1,50159.0,122500,0.0,5.0,4.0
2080,205707.51,1,48374.0,0,3000.0,3.0,4.0
2081,132409.69,1,9900.0,7500,0.0,5.0,3.0
2084,112586.61,1,17752.0,2500,800.0,4.0,3.0
2085,452768.73,2,60730.0,-135000,6100.0,3.0,4.0
2086,218929.3,3,52020.0,0,0.0,2.0,2.0
2087,57874.93,1,0.0,2300,6000.0,2.0,2.0
2088,255426.89,2,28350.0,52000,11795.63,4.0,5.0
2089,106439.61,1,0.0,2500,0.0,3.0,2.0
2090,138760.04,1,0.0,5000,2500.0,4.0,2.0
2091,220774.38,2,44572.0,0,0.0,3.0,3.0
2092,286571.36,1,64223.0,0,0.0,4.0,4.0
2093,220055.09,1,42983.0,0,0.0,4.0,4.0
2095,183497.92,1,23874.0,0,0.0,5.0,4.0
2097,222566.56,1,30300.0,0,0.0,4.0,3.0
2098,94077.11,2,15400.0,2500,0.0,3.0,3.0
2099,123515.55,1,19700.0,7500,0.0,4.0,3.0
2100,127196.56,2,20100.0,2500,0.0,3.0,4.0
2101,120001.26,1,7500.0,7500,2700.0,3.0,3.0
2102,168561.0,3,36020.0,2500,2000.0,2.0,3.0
2103,113914.22,1,0.0,2500,0.0,5.0,3.0
2104,181563.85,2,32000.0,2500,3000.0,4.0,3.0
2105,187359.5,2,39830.0,27500,3000.0,3.0,3.0
2106,172795.28,2,40300.0,12000,0.0,3.0,3.0
2107,122018.46,1,45600.0,0,0.0,5.0,3.0
2109,101875.58,1,0.0,2500,0.0,5.0,4.0
2110,210225.89,1,47570.0,27500,0.0,4.0,4.0
2111,141539.28,1,31960.0,7500,0.0,4.0,4.0
2112,221685.64,1,57700.0,57500,0.0,4.0,3.0
2113,152615.71,1,30050.0,11000,0.0,5.0,6.0
2114,216048.06,1,43626.0,20000,0.0,5.0,6.0
2115,125150.32,1,37470.0,7500,0.0,4.0,4.0
2116,61386.96,1,0.0,2500,0.0,4.0,2.0
2117,148667.92,1,34400.0,2500,0.0,5.0,6.0
2118,178225.61,1,34100.0,7500,0.0,5.0,6.0
2121,308588.81,1,90000.0,-57500,0.0,5.0,3.0
2122,91839.43,1,0.0,0,1500.0,4.0,3.0
2124,99263.69,1,0.0,0,1700.0,5.0,3.0
2125,190792.1,2,53306.0,0,1000.0,3.0,4.0
2126,215684.83,1,40283.0,2500,0.0,5.0,3.0
2127,229938.02,1,33083.0,2500,0.0,5.0,3.0
2128,182786.57,1,33183.0,2500,0.0,5.0,3.0
2129,208419.33,1,30560.0,-20000,0.0,5.0,3.0
2130,185093.34,1,39487.0,-32500,1500.0,4.0,4.0
2131,266473.3,1,36146.0,-85000,2000.0,4.0,4.0
2132,68999.23,1,3180.0,0,0.0,5.0,2.0
2133,113725.62,1,30840.0,0,0.0,5.0,4.0
2134,145877.9,1,32070.0,0,0.0,5.0,3.0
2135,147904.2,1,31250.0,0,0.0,5.0,2.0
2137,380791.47,2,36700.0,-110000,21688.88,3.0,5.0
2138,254045.79,2,39866.0,6000,0.0,2.0,5.0
2139,151990.45,1,26714.0,2500,0.0,5.0,3.0
2140,156215.48,1,21505.0,0,0.0,4.0,3.0
2143,69657.21,1,2273.0,2500,0.0,4.0,3.0
2144,183965.43,1,65840.0,12500,0.0,5.0,5.0
2145,120782.21,1,33583.0,7500,0.0,5.0,4.0
2146,153014.51,1,45231.0,12500,0.0,4.0,3.0
2147,145768.7,1,31549.0,7500,0.0,5.0,3.0
2148,73310.06,1,2273.0,2500,0.0,5.0,3.0
2149,150176.77,1,38900.0,2500,0.0,3.0,3.0
2150,160709.35,1,44600.0,7500,0.0,5.0,4.0
2151,125764.12,1,26400.0,7500,0.0,4.0,4.0
2152,171959.24,1,42290.0,7500,0.0,,
2153,103261.4,1,16700.0,2500,4000.0,3.0,2.0
2155,86951.13,1,0.0,12500,13100.0,2.0,3.0
2156,149983.59,1,31600.0,12500,0.0,5.0,4.0
2157,208589.34,2,62250.0,7500,0.0,3.0,4.0
2158,170376.02,2,42350.0,2500,0.0,3.0,3.0
2159,138520.06,2,38150.0,0,0.0,3.0,3.0
2160,111421.69,1,20900.0,0,0.0,4.0,3.0
2164,100669.06,1,4500.0,0,0.0,5.0,3.0
2165,63911.49,1,0.0,-2700,0.0,4.0,2.0
2166,170469.78,2,24000.0,0,0.0,3.0,3.0
2167,138190.47,1,38000.0,25000,0.0,5.0,3.0
2168,235964.08,3,32520.0,7500,0.0,2.0,3.0
2169,155540.89,2,41200.0,0,0.0,2.0,3.0
2170,299200.76,1,43960.0,-222500,0.0,5.0,3.0
2171,436800.8,1,110000.0,12500,0.0,4.0,3.0
2172,108673.18,1,32500.0,45000,0.0,4.0,3.0
2173,223067.6,3,68620.0,-22500,0.0,2.0,3.0
2175,59366.32,1,0.0,12500,0.0,5.0,3.0
2176,105330.08,1,38587.03,0,0.0,3.0,3.0
2177,76946.68,1,15751.0,0,0.0,5.0,4.0
2179,196228.36,2,46800.0,17500,0.0,3.0,5.0
2180,94000.55,1,7800.0,2500,0.0,5.0,3.0
2182,139969.97,1,28640.0,0,0.0,5.0,3.0
2183,144467.5,1,19110.0,17500,0.0,5.0,4.0
2184,179337.65,1,38005.0,2500,0.0,4.0,3.0
2185,146524.38,1,6600.0,2500,0.0,4.0,3.0
2189,179105.67,1,24330.0,7500,0.0,5.0,3.0
2190,47987.32,1,0.0,0,0.0,5.0,2.0
2191,156969.12,1,34500.0,0,0.0,5.0,2.0
2192,152051.16,1,37160.0,2500,0.0,5.0,3.0
2193,171395.1,2,26300.0,2500,0.0,2.0,3.0
2194,198720.55,2,35700.0,12500,0.0,3.0,2.0
2195,79789.35,1,0.0,7500,0.0,4.0,2.0
2196,357028.94,1,64501.0,12500,969.43,4.0,5.0
2197,93928.87,1,0.0,2000,0.0,4.0,3.0
2198,171243.59,1,33012.0,3000,0.0,5.0,4.0
2199,210319.76,1,53712.0,3000,0.0,5.0,3.0
2200,208438.63,1,45056.0,5000,0.0,5.0,4.0
2202,194054.69,1,71656.0,12500,0.0,5.0,4.0
2203,179452.83,1,49556.0,0,0.0,5.0,3.0
2204,206355.26,1,49056.0,7500,0.0,5.0,3.0
2208,142888.25,1,41260.0,12500,0.0,5.0,4.0
2209,195167.42,2,48334.0,12500,0.0,4.0,4.0
2211,130626.61,1,25350.0,0,0.0,5.0,2.0
2212,116067.58,1,19000.0,7500,0.0,5.0,3.0
2213,152270.76,1,41989.37,0,0.0,4.0,3.0
2214,143700.72,1,33245.0,0,0.0,2.0,5.0
2215,60127.04,2,18428.0,0,0.0,3.0,3.0
2216,96291.15,1,23058.52,0,0.0,5.0,4.0
2217,156742.1,1,44339.68,0,0.0,3.0,4.0
2218,217837.03,3,60600.0,7500,0.0,3.0,4.0
2219,214823.4,2,54760.0,2500,0.0,3.0,4.0
2220,225761.07,1,43650.0,2500,0.0,4.0,4.0
2222,106595.41,1,0.0,2500,0.0,4.0,3.0
2223,236341.49,2,38375.0,2500,0.0,4.0,3.0
2224,133520.56,1,30600.0,27500,0.0,4.0,3.0
2225,109024.33,1,46000.0,35000,0.0,5.0,5.0
2226,154585.24,1,36300.0,17500,0.0,4.0,4.0
2227,83273.41,1,28400.0,12500,0.0,4.0,3.0
2228,172242.83,2,35200.0,12500,0.0,3.0,3.0
2229,184822.37,1,48395.0,5000,0.0,5.0,6.0
2231,76382.81,1,10335.0,0,0.0,4.0,3.0
2232,201760.72,1,35543.0,0,0.0,5.0,6.0
2233,171959.24,1,42290.0,7500,0.0,5.0,6.0
2234,100545.09,1,18650.0,2500,0.0,5.0,3.0
2235,145856.9,1,40500.0,2500,0.0,5.0,5.0
2236,166386.81,2,49460.0,2500,0.0,3.0,3.0
2237,124657.7,1,21700.0,7500,0.0,5.0,5.0
2238,106804.21,1,36400.0,35000,0.0,4.0,3.0
2239,164395.12,1,20100.0,2500,0.0,5.0,3.0
2240,295829.25,1,61200.0,7500,0.0,4.0,3.0
2241,198392.27,3,48460.0,0,3000.0,2.0,3.0
2242,64089.28,1,0.0,-20000,12000.0,3.0,2.0
2243,157629.23,1,20800.0,45000,5330.0,5.0,5.0
2244,161516.08,1,26940.0,2500,0.0,5.0,3.0
2245,191974.81,1,37983.0,2500,0.0,5.0,3.0
2246,113687.12,1,12510.0,0,0.0,5.0,3.0
2247,126471.15,1,29319.0,22500,0.0,5.0,4.0
2248,152611.9,2,39238.0,0,0.0,3.0,2.0
2249,196492.16,3,53110.0,0,0.0,3.0,3.0
2250,252235.05,3,38515.0,0,0.0,2.0,3.0
2251,193098.74,2,41110.0,0,0.0,3.0,2.0
2252,171371.8,3,47140.0,0,0.0,3.0,3.0
2253,69656.78,1,1920.0,0,0.0,5.0,2.0
2255,169536.85,1,39620.0,0,0.0,4.0,4.0
2256,237545.88,3,54400.0,0,0.0,3.0,3.0
2257,112438.09,1,24460.0,0,0.0,5.0,3.0
2258,64426.63,1,1930.0,0,0.0,5.0,2.0
2259,178605.11,2,13650.0,17200,0.0,3.0,5.0
2260,54872.64,1,3075.0,2000,3572.48,5.0,2.0
2261,181616.3,3,17658.0,2500,0.0,3.0,3.0
2262,194479.22,1,0.0,19000,10461.46,4.0,3.0
2263,145862.76,1,20772.0,2500,0.0,5.0,3.0
2264,71869.57,1,0.0,0,0.0,4.0,2.0
2265,152484.5,1,18001.0,0,0.0,5.0,3.0
2267,148532.09,1,37390.0,12500,0.0,5.0,3.0
2268,146087.0,1,90043.0,17500,0.0,5.0,5.0
2269,61042.88,1,2687.0,2500,0.0,5.0,3.0
2270,108368.87,1,17458.0,2500,0.0,5.0,3.0
2271,120089.39,1,13720.0,0,0.0,5.0,2.0
2272,126940.44,1,25200.0,7500,0.0,5.0,6.0
2273,154739.76,1,38400.0,7500,0.0,4.0,4.0
2274,96115.24,1,18600.0,7500,0.0,4.0,4.0
2275,181332.06,1,24600.0,7500,0.0,5.0,3.0
2276,167198.52,2,38800.0,12500,0.0,3.0,3.0
2277,175744.3,1,42200.0,12500,0.0,5.0,3.0
2278,89351.35,1,15000.0,12500,0.0,5.0,3.0
2279,137601.19,1,55220.0,0,0.0,4.0,6.0
2280,63184.51,1,0.0,1000,0.0,3.0,2.0
2283,171183.48,3,40112.0,26859,0.0,2.0,3.0
2284,238780.01,1,41471.0,0,0.0,5.0,4.0
2285,253453.86,3,65759.0,119634,0.0,3.0,3.0
2286,69408.9,1,0.0,0,0.0,4.0,3.0
2287,145288.35,1,31992.0,0,0.0,5.0,4.0
2288,251726.23,1,32793.0,0,0.0,5.0,5.0
2289,166014.19,3,42260.0,1500,0.0,3.0,3.0
2290,235388.07,2,39100.0,1300,0.0,3.0,4.0
2291,139221.38,1,15910.0,2500,0.0,4.0,3.0
2292,114193.77,1,390.0,2500,0.0,4.0,3.0
2293,232210.18,1,30492.0,2500,0.0,5.0,3.0
2294,274790.26,2,48408.0,22500,0.0,4.0,4.0
2295,290769.11,1,15120.0,2500,0.0,4.0,4.0
2296,79121.13,1,0.0,0,0.0,5.0,3.0
2297,135503.42,1,50400.0,17500,0.0,5.0,4.0
2298,405334.05,2,72000.0,100000,0.0,3.0,5.0
2299,240901.3,1,47500.0,90000,0.0,3.0,4.0
2300,279742.41,3,39500.0,2000,0.0,3.0,4.0
2301,267874.52,1,50000.0,80000,0.0,5.0,4.0
2302,350578.44,3,58000.0,300,0.0,3.0,4.0
2303,186983.31,1,40802.0,4500,0.0,4.0,4.0
2304,121779.6,1,25209.0,2000,0.0,4.0,3.0
2305,223297.1,2,55150.0,2000,0.0,3.0,4.0
2306,291152.16,1,60950.0,2500,0.0,5.0,5.0
2307,95668.82,1,0.0,2500,0.0,5.0,3.0
2308,126063.63,2,22900.0,0,0.0,3.0,5.0
2309,133114.86,1,7000.0,0,0.0,5.0,4.0
2310,176905.57,1,61200.0,12500,0.0,5.0,3.0
2311,124413.68,1,38500.0,7500,0.0,5.0,3.0
2312,126477.96,1,34000.0,2500,0.0,4.0,3.0
2313,124777.11,1,28800.0,12500,0.0,4.0,3.0
2314,256747.13,2,39206.0,7500,0.0,3.0,4.0
2315,167078.07,1,46830.0,7500,0.0,5.0,3.0
2316,154133.94,1,44200.0,7500,0.0,5.0,4.0
2317,282218.05,1,61758.0,55000,0.0,4.0,5.0
2318,268489.34,2,46621.0,12500,1187.51,3.0,4.0
2319,234337.29,3,45270.0,12500,2375.02,2.0,5.0
2320,223600.49,3,67780.0,17500,0.0,2.0,5.0
2321,276637.87,3,56396.0,17500,0.0,3.0,6.0
2322,342582.04,3,67419.0,2500,0.0,3.0,6.0
2324,252173.79,2,53079.0,7500,0.0,3.0,5.0
2325,219695.84,1,56370.0,12500,0.0,5.0,3.0
2326,215087.57,2,30670.0,7500,0.0,3.0,3.0
2327,64506.53,1,0.0,1000,20100.49,4.0,3.0
2329,141761.22,1,37150.0,600,0.0,5.0,4.0
2330,147646.74,1,23050.0,1500,0.0,5.0,4.0
2331,75411.07,1,14456.0,18300,0.0,5.0,4.0
2332,110667.77,1,28000.0,0,0.0,4.0,4.0
2333,195370.08,1,48100.0,7500,0.0,5.0,4.0
2334,104012.82,1,28500.0,7500,0.0,5.0,4.0
2335,79448.43,1,0.0,7500,0.0,4.0,3.0
2336,136383.7,1,39000.0,0,0.0,5.0,3.0
2337,74904.19,1,0.0,0,0.0,4.0,3.0
2339,173157.29,1,26000.0,-2500,0.0,5.0,3.0
2340,172178.95,2,38500.0,0,0.0,3.0,3.0
2341,170149.2,2,44380.0,0,0.0,3.0,3.0
2342,123244.93,1,36000.0,0,0.0,5.0,3.0
2343,145944.34,1,30100.0,0,0.0,5.0,3.0
2347,223019.27,2,49900.0,35000,0.0,3.0,3.0
2349,176790.65,2,48300.0,10000,0.0,3.0,3.0
2350,142814.03,1,40875.0,45000,0.0,5.0,3.0
2351,73183.55,1,39950.0,12500,0.0,5.0,3.0
2352,42420.05,1,0.0,0,4594.48,4.0,2.0
2353,120505.57,2,35070.0,7500,0.0,3.0,2.0
2354,155300.35,1,48870.0,0,0.0,4.0,3.0
2356,124573.61,1,45090.0,7500,0.0,4.0,4.0
2357,161596.19,2,42800.0,0,0.0,3.0,3.0
2358,122530.54,1,38330.0,12500,0.0,4.0,3.0
2359,179107.16,1,60270.0,7500,0.0,4.0,4.0
2360,165712.29,1,26412.0,3000,0.0,5.0,3.0
2361,244477.5,1,56412.0,4000,0.0,4.0,5.0
2363,250002.8,1,68706.0,5000,0.0,5.0,5.0
2364,131699.34,1,0.0,2000,0.0,4.0,3.0
2365,233515.1,1,76551.0,7500,0.0,5.0,3.0
2366,214916.78,1,74416.0,12500,0.0,5.0,3.0
2367,296657.86,1,56220.0,12500,0.0,5.0,5.0
2368,160520.53,1,38704.0,7500,0.0,5.0,3.0
2369,202081.78,1,29904.0,0,0.0,4.0,3.0
2370,159529.99,3,40830.0,12500,0.0,3.0,4.0
2372,186640.28,1,45905.0,17500,0.0,4.0,5.0
2375,69430.98,1,9750.0,0,0.0,4.0,3.0
2378,121610.17,1,43307.8,0,0.0,3.0,3.0
2379,222026.03,2,59100.0,7500,0.0,3.0,3.0
2381,67069.66,1,0.0,0,0.0,4.0,2.0
2382,155842.61,2,17700.0,2500,0.0,3.0,3.0
2384,175786.41,1,42900.0,22500,0.0,5.0,4.0
2385,82854.33,1,0.0,7500,0.0,4.0,3.0
2386,190123.05,1,35100.0,12500,0.0,5.0,4.0
2387,179804.77,1,48750.0,10000,0.0,5.0,3.0
2388,132763.48,2,21990.0,0,0.0,4.0,3.0
2390,145550.43,1,17692.0,2500,0.0,4.0,3.0
2391,354890.14,3,49998.0,2500,0.0,3.0,3.0
2392,215579.13,2,48828.0,7500,0.0,4.0,4.0
2393,162050.19,1,31998.0,2500,0.0,5.0,4.0
2394,196764.85,1,84260.0,55000,0.0,5.0,3.0
2396,241270.74,2,42050.0,7500,0.0,3.0,3.0
2397,85308.77,1,23300.0,0,0.0,5.0,2.0
2398,133025.91,1,32050.0,7500,0.0,5.0,2.0
2400,215215.57,3,35100.0,-20000,0.0,3.0,2.0
2401,255322.69,2,59966.0,7500,0.0,3.0,6.0
2402,306610.78,2,45928.0,12500,0.0,3.0,4.0
2403,208431.78,1,55373.0,7500,0.0,5.0,4.0
2404,237605.13,1,51752.0,7500,0.0,3.0,4.0
2405,227383.01,1,49480.0,2,0.0,5.0,3.0
2406,187863.23,2,41420.0,7500,0.0,4.0,3.0
2407,217222.33,1,36200.0,2500,0.0,4.0,2.0
2408,136106.7,2,32750.0,500,0.0,3.0,4.0
2409,204603.08,1,48200.0,7500,0.0,4.0,3.0
2410,148833.46,1,27750.0,7500,0.0,5.0,3.0
2411,115495.14,1,35650.0,12500,0.0,4.0,3.0
2412,114235.31,1,25130.0,7500,0.0,4.0,3.0
2414,128027.91,2,22830.0,0,0.0,2.0,3.0
2415,151417.42,2,30150.0,0,0.0,3.0,3.0
2418,261999.45,2,61557.0,0,0.0,3.0,6.0
2419,273370.36,3,54321.0,0,0.0,3.0,3.0
2420,153251.58,2,28497.0,0,0.0,3.0,4.0
2422,240253.42,2,46150.0,1000,0.0,3.0,3.0
2424,244294.28,1,41050.0,2200,0.0,4.0,3.0
2427,200430.69,1,34180.0,2500,0.0,5.0,4.0
2430,208571.02,1,23670.0,1000,0.0,5.0,4.0
2431,302736.55,1,59800.0,7500,0.0,4.0,4.0
2433,181552.37,2,58700.0,2500,0.0,3.0,4.0
2434,134552.68,1,0.0,0,0.0,4.0,2.0
2436,277348.66,1,49170.0,7500,0.0,4.0,3.0
2437,108903.24,1,13968.0,0,0.0,4.0,3.0
2440,316223.04,2,45419.0,2500,0.0,3.0,3.0
2441,110135.15,1,0.0,2500,0.0,4.0,3.0
2442,122946.6,2,43800.0,27500,0.0,3.0,4.0
2444,153817.2,3,39500.0,27500,0.0,2.0,4.0
2445,170182.7,2,63097.0,10000,0.0,3.0,3.0
2446,177498.93,2,40398.0,0,0.0,3.0,6.0
2447,119414.12,1,32535.0,0,0.0,5.0,3.0
2448,328665.15,1,113106.0,87500,0.0,4.0,6.0
2449,54434.61,1,9600.0,2500,0.0,4.0,2.0
2450,151563.06,1,37800.0,2500,0.0,4.0,5.0
2451,153007.93,1,66350.0,500,0.0,5.0,4.0
2453,176080.1,2,39930.0,0,0.0,3.0,3.0
2454,82833.48,1,10992.0,14100,0.0,4.0,3.0
2455,94265.78,1,12160.0,15300,0.0,4.0,3.0
2456,172904.5,1,33286.0,38400,0.0,4.0,4.0
2457,88878.64,1,17400.0,7500,0.0,5.0,3.0
2458,56211.17,1,0.0,0,0.0,4.0,3.0
2459,246228.03,2,43600.0,7500,0.0,3.0,4.0
2460,105859.12,1,33350.0,7500,0.0,5.0,4.0
2461,104682.35,1,50400.0,2500,0.0,5.0,4.0
2462,84881.37,1,0.0,0,0.0,4.0,3.0
2463,153785.97,2,20000.0,20000,0.0,3.0,3.0
2464,364958.52,2,42000.0,30000,0.0,3.0,4.0
2466,157175.18,2,34835.0,4000,0.0,3.0,3.0
2467,55032.16,1,0.0,600,0.0,4.0,3.0
2468,148910.52,2,8500.0,0,0.0,3.0,6.0
2470,145982.26,2,8500.0,2500,0.0,3.0,3.0
2471,251346.94,1,51955.0,12500,0.0,3.0,5.0
2472,196258.48,1,38600.0,45000,0.0,3.0,3.0
2474,75645.18,1,23400.0,0,0.0,4.0,2.0
2476,126424.61,1,18700.0,0,0.0,5.0,3.0
2477,134560.32,1,24500.0,0,0.0,5.0,3.0
2478,183887.63,1,44700.0,17500,0.0,5.0,4.0
2479,100014.09,1,0.0,2500,1377.18,4.0,3.0
2480,153379.2,1,22060.0,7500,0.0,4.0,3.0
2485,111765.92,1,38100.0,7500,0.0,4.0,3.0
2487,136620.04,1,39790.0,12500,0.0,5.0,3.0
2488,94323.76,1,42480.0,7500,0.0,5.0,4.0
2490,130060.31,1,0.0,1000,0.0,5.0,3.0
2493,241109.84,1,67183.0,8000,0.0,5.0,5.0
2494,272141.49,3,63605.0,0,0.0,2.0,4.0
2495,183299.3,1,54381.0,12500,0.0,5.0,3.0
2497,192686.81,2,47946.0,0,0.0,3.0,4.0
2498,135234.78,1,17050.0,7500,0.0,5.0,4.0
2499,96141.43,1,0.0,7500,0.0,5.0,3.0
2503,65579.22,1,14820.0,0,0.0,5.0,3.0
2506,149583.14,2,58853.0,0,0.0,3.0,4.0
2509,59091.01,1,6070.0,0,0.0,4.0,3.0
2510,143474.45,1,37800.0,7500,0.0,5.0,3.0
2512,154410.55,1,35250.0,2500,0.0,4.0,3.0
2514,106489.05,3,23550.0,2500,0.0,1.0,3.0
2515,108791.59,1,0.0,2500,0.0,4.0,3.0
2519,63548.15,1,0.0,0,0.0,4.0,3.0
2521,157163.56,1,17600.0,2500,0.0,5.0,3.0
2523,302463.28,2,50000.0,40000,0.0,3.0,5.0
2524,255322.66,2,47000.0,51000,0.0,3.0,4.0
2526,159582.82,1,30867.0,5000,0.0,5.0,4.0
2529,126433.75,1,25340.0,2000,0.0,5.0,3.0
2531,91608.2,1,16540.0,2000,0.0,4.0,3.0
2534,256994.15,1,59600.0,45000,0.0,5.0,4.0
2535,184420.3,1,53400.0,2000,0.0,5.0,0.0
2537,120051.21,1,5800.0,0,0.0,5.0,3.0
2540,107947.35,1,3500.0,0,0.0,3.0,2.0
2541,189548.51,2,41430.0,2500,0.0,3.0,3.0
2544,199707.94,1,69010.0,17500,0.0,4.0,3.0
2550,138076.68,1,42200.0,17500,0.0,4.0,2.0
2554,334970.34,2,91818.0,17500,0.0,2.0,4.0
2555,142755.64,1,21200.0,17500,0.0,4.0,2.0
2556,229181.36,1,30350.0,17500,0.0,4.0,3.0
2557,183189.07,1,37930.0,12500,0.0,5.0,3.0
2558,81589.01,1,7800.0,12500,0.0,4.0,2.0
2560,126145.25,2,33510.0,500,0.0,3.0,4.0
2563,181099.57,1,33973.0,22600,0.0,4.0,4.0
2567,184841.68,1,28225.0,21400,0.0,5.0,4.0
2568,183652.65,1,38550.0,12500,0.0,5.0,4.0
2569,237075.41,2,28800.0,7500,0.0,4.0,4.0
2573,158160.12,3,33200.0,0,0.0,3.0,3.0
2574,264914.02,1,49900.0,0,0.0,4.0,4.0
2575,44646.43,1,0.0,2500,0.0,5.0,3.0
2578,101420.88,1,40400.0,0,0.0,5.0,3.0
2579,126729.81,1,51400.0,0,0.0,4.0,4.0
2581,85595.28,1,0.0,0,0.0,4.0,3.0
2583,94949.53,1,0.0,100,0.0,4.0,2.0
2584,246047.49,2,55000.0,140000,0.0,3.0,4.0
2585,226985.32,2,48000.0,90000,0.0,3.0,4.0
2589,78823.42,1,23510.0,2500,0.0,5.0,4.0
2590,137517.68,1,40740.0,2000,0.0,5.0,4.0
2597,139278.12,1,25510.0,1000,0.0,4.0,3.0
2598,197581.52,2,40350.0,1000,0.0,3.0,4.0
2600,475719.02,1,67510.0,17500,0.0,5.0,4.0
2603,106357.89,1,10530.0,2500,0.0,4.0,3.0
2606,278664.22,1,29014.0,2500,0.0,5.0,4.0
2607,109366.78,1,0.0,1000,0.0,4.0,3.0
2608,221246.32,1,45880.0,7500,0.0,5.0,4.0
2609,294846.93,1,64844.0,7500,0.0,5.0,3.0
2610,205864.92,1,43619.0,7500,0.0,5.0,3.0
2617,77905.92,1,0.0,0,0.0,5.0,2.0
2618,181581.89,1,60220.0,0,0.0,5.0,6.0
2619,96562.1,2,11000.0,2500,0.0,3.0,3.0
2624,96050.22,1,25050.0,45000,0.0,4.0,3.0
2626,191078.22,1,46800.0,-22500,0.0,5.0,2.0
2628,167173.32,3,45983.0,103500,9939.57,3.0,3.0
2629,80731.25,1,3800.0,-20000,8226.01,5.0,3.0
2630,295914.56,1,68170.0,166000,0.0,5.0,4.0
2632,212216.89,1,35033.0,2500,0.0,4.0,3.0
2634,125295.34,1,16410.0,2500,0.0,4.0,2.0
2636,202951.63,2,33415.0,2500,2400.0,3.0,3.0
2637,134002.78,1,28706.0,2500,440.0,4.0,3.0
2639,263134.18,2,51299.0,-45000,1000.0,4.0,4.0
2641,167570.13,1,30370.0,0,0.0,4.0,2.0
2642,209395.14,2,53820.0,0,0.0,3.0,3.0
2643,208472.93,2,61640.0,0,0.0,3.0,3.0
2644,193791.82,1,54490.0,0,0.0,5.0,3.0
2646,223649.17,2,30410.0,2500,16500.0,3.0,3.0
2649,99789.58,1,25272.0,12500,0.0,5.0,3.0
2652,122747.02,1,27708.0,7500,0.0,5.0,3.0
2654,72077.74,1,0.0,1000,0.0,4.0,2.0
2655,178318.53,1,35300.0,2500,0.0,4.0,6.0
2656,170628.64,1,47540.0,-12500,0.0,4.0,3.0
2659,60481.13,1,0.0,2500,9163.19,4.0,2.0
2660,172249.3,1,42740.0,2500,2000.0,4.0,4.0
2661,203204.25,2,52130.0,12500,0.0,3.0,3.0
2668,181468.63,1,30250.0,7500,0.0,4.0,3.0
2669,155140.16,1,30290.0,12500,0.0,5.0,4.0
2671,160866.7,1,24765.0,7500,0.0,5.0,3.0
2672,106755.38,1,18100.0,45000,0.0,4.0,3.0
2673,135107.47,1,20900.0,45000,0.0,5.0,3.0
2675,92433.19,1,0.0,25000,0.0,5.0,3.0
2676,181671.56,2,38100.0,10000,0.0,3.0,3.0
2678,116335.36,1,51795.0,17500,0.0,4.0,3.0
2680,123895.5,1,27383.0,7500,0.0,4.0,4.0
2683,227376.54,2,37500.0,7500,0.0,3.0,6.0
2684,77801.37,1,0.0,2500,0.0,4.0,2.0
2685,149904.08,1,38100.0,2500,0.0,5.0,4.0
2686,306177.65,1,65767.0,0,0.0,4.0,4.0
2687,82470.49,1,0.0,0,0.0,2.0,3.0
2688,208987.23,1,52558.0,45000,40000.0,4.0,5.0
2689,383329.57,1,62994.0,60800,0.0,5.0,3.0
2690,104155.3,1,17190.0,2500,0.0,5.0,3.0
2691,176887.8,1,37763.0,2500,0.0,4.0,3.0
2692,266879.78,1,48594.0,0,0.0,4.0,3.0
2693,161610.62,1,6240.0,7500,300.0,5.0,3.0
2694,149046.23,1,51420.0,7500,300.0,5.0,4.0
2695,409736.92,2,75143.0,-80000,2400.0,3.0,4.0
2696,135132.45,1,24146.0,27500,0.0,5.0,4.0
2697,95884.67,1,0.0,27500,0.0,5.0,4.0
2698,226657.9,1,27858.0,2500,0.0,4.0,3.0
2699,178671.01,1,44970.0,0,0.0,5.0,3.0
2700,155039.96,1,42250.0,0,0.0,4.0,3.0
2701,51927.12,1,1360.0,0,0.0,4.0,2.0
2704,262457.54,1,605.0,2500,13576.34,5.0,3.0
2705,61533.07,1,0.0,0,0.0,4.0,2.0
2706,141717.92,1,13458.0,0,0.0,4.0,3.0
2715,128478.87,1,19600.0,22500,0.0,5.0,4.0
2717,53966.35,1,0.0,7500,0.0,4.0,3.0
2718,111656.97,2,34800.0,7500,0.0,2.0,4.0
2721,92687.8,1,28100.0,7500,0.0,4.0,3.0
2722,114704.14,1,30390.0,0,0.0,5.0,6.0
2724,72420.19,1,0.0,10000,0.0,4.0,2.0
2730,270620.13,1,92000.0,35000,0.0,5.0,3.0
2732,101744.55,2,31200.0,86500,0.0,3.0,3.0
2733,74218.26,1,0.0,0,16122.96,2.0,2.0
2734,173864.34,1,38543.0,2500,0.0,4.0,3.0
2735,191381.11,1,39263.0,2500,0.0,5.0,3.0
2736,132417.28,1,21540.0,2500,0.0,4.0,3.0
2740,126553.59,1,20670.0,0,0.0,5.0,3.0
2743,78712.44,1,0.0,2500,5580.59,4.0,2.0
2744,71357.56,1,0.0,3200,0.0,5.0,2.0
2745,255099.4,1,39800.0,-47500,0.0,5.0,6.0
2746,206484.53,1,38102.0,7500,0.0,5.0,4.0
2748,219214.86,1,31923.0,0,0.0,4.0,4.0
2749,241625.29,1,44363.0,2500,0.0,5.0,4.0
2750,158023.08,1,54554.0,17500,0.0,5.0,4.0
2751,171731.53,3,70784.0,17500,0.0,3.0,4.0
2753,138243.0,1,21019.0,7500,0.0,4.0,3.0
2754,160624.98,1,38000.0,7500,0.0,5.0,6.0
2756,116518.5,1,34200.0,2500,0.0,4.0,5.0
2757,177289.08,1,36100.0,7500,0.0,5.0,6.0
2758,129304.89,1,26600.0,0,0.0,5.0,6.0
2759,248937.08,1,69856.0,7500,0.0,4.0,4.0
2760,93974.33,1,0.0,600,0.0,5.0,3.0
2761,191454.08,2,63950.0,2000,0.0,3.0,0.0
2762,105822.2,1,0.0,500,0.0,5.0,3.0
2764,101175.18,1,14550.0,34000,0.0,5.0,3.0
2765,207675.03,2,41400.0,1500,0.0,2.0,5.0
2767,131129.88,1,9400.0,0,0.0,5.0,2.0
2768,174622.23,1,7500.0,12500,0.0,5.0,5.0
2771,179109.52,1,39180.0,-5000,0.0,4.0,6.0
2772,158001.7,2,69000.0,7500,0.0,3.0,4.0
2773,167793.23,3,40065.0,6500,0.0,2.0,4.0
2776,292632.76,1,55268.0,0,0.0,5.0,4.0
2777,280442.63,1,33888.0,0,0.0,5.0,6.0
2778,185208.35,2,34600.0,1000,0.0,4.0,3.0
2780,128216.13,1,23030.0,2500,0.0,4.0,3.0
2783,55284.35,1,0.0,7500,0.0,3.0,3.0
2784,135910.81,1,42580.0,22500,0.0,5.0,4.0
2786,264760.75,2,40037.0,2000,0.0,3.0,3.0
2787,129516.2,1,30558.0,5000,0.0,5.0,5.0
2790,334774.84,1,58644.0,0,0.0,4.0,5.0
2794,188659.33,1,54816.0,17500,0.0,4.0,4.0
2796,201884.15,1,50996.0,12500,0.0,5.0,3.0
2797,175716.73,2,42650.0,7500,0.0,3.0,4.0
2798,99271.27,1,0.0,7500,0.0,5.0,4.0
2799,88793.33,1,7020.0,0,0.0,5.0,2.0
2800,112465.1,1,33540.0,7500,0.0,5.0,3.0
2801,104651.89,1,0.0,0,0.0,5.0,2.0
2802,131680.93,1,28455.0,7500,0.0,4.0,3.0
2804,77907.55,1,23160.47,0,0.0,5.0,3.0
2805,61138.93,1,20929.37,0,0.0,5.0,2.0
2807,153861.14,2,31950.0,7500,0.0,2.0,3.0
2808,231352.94,1,63400.0,7500,0.0,4.0,3.0
2809,260041.42,1,65650.0,17500,0.0,5.0,4.0
2810,296873.82,2,39000.0,7500,0.0,3.0,3.0
2812,194717.52,1,66300.0,45000,0.0,4.0,4.0
2813,58122.72,1,0.0,7500,0.0,4.0,2.0
2815,147680.94,2,22790.0,0,0.0,3.0,3.0
2816,158523.34,2,18310.0,0,0.0,3.0,3.0
2817,61614.14,1,0.0,0,0.0,4.0,2.0
2820,210008.65,2,39828.0,2500,0.0,4.0,3.0
2822,112973.01,1,21940.0,2500,0.0,5.0,3.0
2824,147263.65,1,15793.0,25200,0.0,5.0,4.0
2825,129530.02,1,16405.0,27400,0.0,5.0,3.0
2827,138279.47,1,16337.0,21200,0.0,4.0,3.0
2828,161622.81,1,16294.0,15200,0.0,4.0,3.0
2829,153602.38,1,25430.0,26300,0.0,5.0,4.0
2830,82793.56,1,16000.0,0,0.0,4.0,3.0
2831,70687.74,1,0.0,2500,0.0,5.0,3.0
2832,75716.99,1,15100.0,2500,0.0,4.0,4.0
2833,95631.89,1,38800.0,17500,0.0,5.0,3.0
2835,92453.32,1,53850.0,0,0.0,4.0,4.0
2837,116850.75,1,21450.0,0,0.0,5.0,3.0
2840,147066.49,1,32972.0,5000,0.0,5.0,4.0
2841,184838.73,1,26049.0,4000,0.0,4.0,3.0
2844,84511.18,1,0.0,2500,0.0,4.0,2.0
2846,172101.38,1,50360.0,87500,0.0,5.0,3.0
2847,49127.24,1,0.0,0,0.0,4.0,2.0
2848,151429.51,3,58400.0,7500,0.0,2.0,2.0
2850,137347.84,1,30500.0,2500,0.0,5.0,2.0
2851,177297.31,1,33426.0,45000,0.0,4.0,4.0
2852,293826.63,1,57842.0,7500,0.0,4.0,4.0
2856,242263.42,2,52937.0,27500,0.0,3.0,4.0
2858,227594.35,2,43770.0,12500,0.0,4.0,2.0
2859,67351.73,1,0.0,1000,0.0,5.0,3.0
2860,108348.16,1,33780.0,1000,0.0,5.0,4.0
2861,137415.04,1,41320.0,2500,0.0,5.0,6.0
2862,205555.93,1,29198.0,19300,0.0,4.0,4.0
2863,201463.37,1,33231.0,21800,0.0,4.0,5.0
2865,97925.58,1,21160.0,7500,7500.0,4.0,3.0
2870,95971.59,1,0.0,0,0.0,4.0,3.0
2872,97345.98,1,22965.0,0,0.0,5.0,3.0
2874,156236.84,1,32400.0,0,0.0,4.0,3.0
2875,135528.22,1,23780.0,0,0.0,4.0,3.0
2876,147190.73,1,22600.0,0,0.0,4.0,3.0
2878,221385.96,2,46600.0,18000,0.0,3.0,3.0
2881,103866.4,1,24400.0,8000,0.0,5.0,3.0
2882,128402.26,1,32200.0,27000,0.0,4.0,3.0
2883,238468.07,1,47900.0,15000,0.0,4.0,3.0
2885,279853.28,1,60100.0,-92500,0.0,4.0,3.0
2887,33815.81,1,9800.0,0,0.0,2.0,2.0
2889,164013.92,1,36670.0,7500,0.0,4.0,3.0
2893,279017.1,3,71742.0,3000,0.0,3.0,4.0
2899,140430.28,1,33905.0,12500,0.0,4.0,4.0
2901,113560.1,1,15545.0,7500,0.0,5.0,4.0
2903,70155.26,1,0.0,0,0.0,5.0,2.0
2905,62508.86,1,6240.0,2500,0.0,3.0,2.0
2909,318508.4,1,5780.0,0,0.0,4.0,3.0
2910,181388.44,1,30050.0,0,0.0,5.0,4.0
2913,116278.2,1,22320.0,2500,0.0,4.0,3.0
2914,236892.0,1,39150.0,7500,0.0,5.0,4.0
2915,181639.28,2,45850.0,7500,0.0,3.0,3.0
2916,168584.31,2,45850.0,12500,0.0,3.0,4.0
2918,167964.73,1,39150.0,17500,0.0,5.0,3.0
2921,214424.94,2,42900.0,7500,0.0,3.0,3.0
2923,206635.05,1,74100.0,87500,0.0,5.0,3.0
2926,163988.03,2,42900.0,0,0.0,3.0,3.0
2927,104206.43,1,24570.0,7500,0.0,5.0,3.0
2928,118756.8,1,31080.0,0,0.0,5.0,3.0
2930,149119.95,1,43198.0,2500,0.0,5.0,3.0
2931,224529.97,1,35848.0,2500,0.0,3.0,3.0
2933,207508.01,1,30090.0,2500,0.0,3.0,3.0
2937,265954.58,3,39900.0,7500,0.0,3.0,2.0
2939,108739.52,3,22000.0,2500,0.0,3.0,2.0
2941,145048.12,2,22588.0,-32500,0.0,3.0,4.0
2946,108836.48,1,17200.0,2500,0.0,4.0,2.0
2949,185858.52,3,54500.0,5000,0.0,3.0,4.0
2951,206267.32,1,45220.0,2000,0.0,5.0,4.0
2952,191852.42,1,34046.0,25200,0.0,5.0,4.0
2954,122458.33,1,15518.0,26340,0.0,5.0,3.0
2955,101958.36,1,0.0,0,0.0,5.0,3.0
2956,223362.56,3,41400.0,0,0.0,2.0,4.0
2959,142966.04,1,36810.0,0,0.0,5.0,3.0
2960,112868.93,1,14500.0,2500,0.0,4.0,3.0
2963,297719.6,1,55000.0,80000,0.0,5.0,5.0
2965,124300.83,1,890.0,-53000,0.0,5.0,2.0
2970,207770.74,1,57800.0,2300,0.0,4.0,0.0
2971,136663.93,1,13900.0,0,0.0,3.0,5.0
2972,162748.44,1,52100.0,12500,0.0,5.0,3.0
2973,83388.46,1,0.0,12500,0.0,4.0,2.0
2974,146342.03,1,37900.0,12500,0.0,4.0,3.0
2976,185532.1,1,64200.0,12500,2500.0,5.0,3.0
2978,144506.19,1,39095.0,0,0.0,3.0,6.0
2979,140472.82,1,27910.0,-4500,0.0,4.0,3.0
2981,120674.88,2,49726.0,3000,0.0,3.0,4.0
2984,309002.35,2,53320.0,0,0.0,4.0,6.0
2988,77258.66,1,0.0,600,0.0,4.0,3.0
2989,182160.04,3,39100.0,1500,0.0,2.0,3.0
2992,294915.97,1,57640.0,12500,0.0,4.0,6.0
2994,218467.19,1,45270.0,2500,0.0,4.0,4.0
2995,117743.63,1,23400.0,7500,0.0,5.0,3.0
2996,246266.98,1,32154.0,2500,0.0,4.0,3.0
3000,121148.63,1,35300.0,22500,0.0,4.0,3.0
3001,276593.52,3,42900.0,45000,0.0,3.0,5.0
3002,186419.24,1,30510.0,22500,0.0,3.0,3.0
3003,208760.61,1,60721.0,27500,0.0,4.0,6.0
3006,135536.4,1,27980.0,10000,0.0,4.0,3.0
3008,553074.15,1,171500.0,187500,0.0,5.0,4.0
3010,104867.87,1,23250.0,2500,0.0,5.0,3.0
3012,127662.32,1,14028.0,17500,4300.0,5.0,2.0
3014,208382.43,2,52474.0,7500,0.0,3.0,3.0
3017,121481.1,1,21773.0,0,0.0,4.0,3.0
3018,248086.83,2,51858.0,7500,5600.0,3.0,4.0
3019,204530.96,1,23379.0,35000,0.0,5.0,5.0
3020,203740.67,2,19364.0,-15000,0.0,3.0,3.0
3026,238699.61,1,30834.0,-57500,0.0,5.0,3.0
3033,223621.72,1,33732.0,0,0.0,4.0,4.0
3035,73904.57,1,2272.0,2500,0.0,5.0,3.0
3036,110481.74,1,30358.0,7500,0.0,5.0,4.0
3037,180092.17,1,59000.0,12500,0.0,4.0,4.0
3039,127664.2,2,28400.0,7500,0.0,3.0,6.0
3041,158107.93,1,45600.0,22500,2500.0,5.0,4.0
3043,61979.04,1,15500.0,1500,0.0,5.0,3.0
3044,204275.37,1,54600.0,0,0.0,5.0,3.0
3048,78465.95,1,0.0,7500,0.0,4.0,2.0
3049,223542.49,1,35860.0,12500,0.0,5.0,4.0
3050,249778.46,2,55510.0,27500,0.0,3.0,3.0
3052,124261.05,1,50450.0,-22500,0.0,3.0,3.0
3053,89820.22,2,30820.0,7500,0.0,2.0,3.0
3055,106516.0,1,21300.0,7500,0.0,4.0,4.0
3058,135784.63,1,0.0,3000,0.0,4.0,3.0
3063,109135.97,1,29220.0,2500,0.0,5.0,4.0
3064,126289.87,1,34365.0,7500,0.0,4.0,4.0
3066,73972.84,1,14040.0,0,0.0,5.0,3.0
3067,79971.37,1,12480.0,0,0.0,5.0,3.0
3068,218010.92,3,54974.0,87500,0.0,3.0,3.0
3070,38791.84,1,0.0,0,0.0,4.0,2.0
3072,67660.08,1,0.0,2500,0.0,5.0,3.0
3076,133710.96,1,31200.0,7500,0.0,5.0,4.0
3079,83268.15,1,21350.0,12500,0.0,5.0,3.0
3081,220935.65,2,50700.0,12500,0.0,3.0,4.0
3082,228695.94,1,71500.0,20000,4500.0,5.0,4.0
3083,70452.78,1,0.0,0,0.0,5.0,3.0
3084,139515.35,1,22120.0,7500,0.0,4.0,2.0
3085,162508.83,2,34205.0,2500,0.0,4.0,3.0
3087,241270.74,2,42050.0,7500,0.0,,
3089,133873.23,1,35033.0,2500,0.0,5.0,3.0
3092,396477.69,1,60961.0,2500,4500.0,4.0,4.0
3094,230954.25,2,24995.0,-17500,5300.0,4.0,3.0
3096,152126.64,1,10340.0,-12500,12906.05,4.0,3.0
3097,200667.17,1,48078.0,2500,0.0,5.0,4.0
3101,207716.89,2,34643.0,0,0.0,3.0,3.0
3102,246093.12,1,40563.0,7500,0.0,5.0,4.0
3103,231125.06,2,20572.0,0,0.0,3.0,4.0
3104,166525.04,1,35329.0,12500,0.0,5.0,4.0
3109,199523.72,1,37450.0,7500,0.0,5.0,4.0
3111,268786.29,2,49389.0,12500,0.0,3.0,3.0
3113,103523.4,2,34500.0,7500,0.0,3.0,3.0
3117,127959.62,1,44800.0,7500,0.0,3.0,6.0
3118,148039.86,3,23200.0,2500,0.0,2.0,6.0
3119,135681.28,1,41530.0,7500,0.0,5.0,4.0
3122,156020.46,1,13500.0,-42500,0.0,4.0,3.0
3124,349959.89,1,79200.0,-27500,0.0,5.0,3.0
3125,153341.45,2,53063.0,66000,38537.39,3.0,4.0
3126,186782.96,1,51656.0,37800,1800.0,5.0,4.0
3127,122635.75,1,31837.0,0,5902.93,4.0,3.0
3129,189150.4,1,43408.0,0,0.0,4.0,3.0
3131,222796.46,1,59610.0,-275000,0.0,3.0,4.0
3132,61369.75,1,19990.0,-2500,0.0,5.0,3.0
3136,281595.61,1,55558.0,0,0.0,5.0,6.0
3137,64536.42,1,0.0,0,0.0,5.0,3.0
3138,162585.86,1,40610.0,1200,0.0,5.0,3.0
3142,175559.47,1,32230.0,17500,0.0,5.0,3.0
3146,237035.62,1,40010.0,7500,0.0,5.0,4.0
3148,117193.01,1,13650.0,7500,0.0,5.0,4.0
3152,164947.75,2,23000.0,20000,0.0,3.0,4.0
3155,226698.24,1,41632.0,4000,0.0,5.0,4.0
3158,147461.76,1,18430.0,3000,0.0,5.0,3.0
3159,137592.45,1,33752.0,3000,0.0,5.0,3.0
3160,144443.18,1,28719.0,2000,0.0,5.0,3.0
3162,239944.7,2,57400.0,1500,0.0,3.0,0.0
3164,259886.76,1,62300.0,1500,0.0,5.0,0.0
3167,113765.81,1,3500.0,0,0.0,5.0,2.0
3169,215853.78,3,77025.0,7500,0.0,3.0,5.0
3170,131081.64,1,16985.0,7500,0.0,4.0,3.0
3171,130804.04,1,33415.0,17500,0.0,5.0,3.0
3174,145817.48,3,30800.0,-12500,0.0,2.0,2.0
3176,100548.87,1,13200.0,5500,0.0,5.0,3.0
3185,49143.75,1,0.0,0,0.0,4.0,3.0
3186,51460.28,1,0.0,0,0.0,4.0,3.0
3187,95410.38,1,26550.0,7500,7500.0,5.0,4.0
3189,180190.29,1,46100.0,7500,0.0,5.0,4.0
3190,118901.62,1,41150.0,17500,0.0,4.0,4.0
3191,122698.82,1,55150.0,17500,0.0,4.0,4.0
3192,159740.28,1,45100.0,0,0.0,4.0,4.0
3194,128367.7,1,31590.0,0,0.0,5.0,3.0
3198,149896.59,1,25950.0,2500,0.0,5.0,3.0
3199,197475.84,1,47800.0,12500,0.0,4.0,4.0
3200,156913.24,1,29250.0,7500,0.0,5.0,4.0
3203,228237.77,1,62140.0,0,0.0,4.0,4.0
3205,187530.01,2,43280.0,7500,0.0,3.0,3.0
3206,203609.46,1,51130.0,17500,0.0,5.0,4.0
3207,197767.4,1,20099.0,2500,0.0,4.0,3.0
3208,145898.47,1,29155.0,0,0.0,4.0,3.0
3209,135731.46,1,27748.0,2500,0.0,5.0,3.0
3213,155145.69,1,26400.0,27500,0.0,5.0,2.0
3218,57977.3,1,27900.0,12500,0.0,5.0,3.0
3223,130558.77,1,44940.0,7500,0.0,4.0,4.0
3225,145594.12,1,47740.0,12500,0.0,5.0,4.0
3226,235469.66,2,53208.0,2000,0.0,3.0,4.0
3228,215301.76,1,55548.0,5000,0.0,5.0,4.0
3230,295097.65,1,59369.0,5000,0.0,5.0,4.0
3232,151860.75,1,31175.0,17500,0.0,5.0,4.0
3233,173517.22,2,40210.0,12500,0.0,3.0,4.0
3234,169659.33,2,40210.0,12500,0.0,3.0,4.0
3235,82090.78,1,0.0,2500,0.0,5.0,2.0
3239,245149.62,1,34440.0,2500,0.0,4.0,3.0
3240,54370.72,1,0.0,2500,0.0,5.0,3.0
3242,115950.01,1,39900.0,7500,0.0,5.0,2.0
3247,87790.82,1,9300.0,3000,0.0,5.0,2.0
3250,212397.54,1,67800.0,600,0.0,5.0,6.0
3252,172215.6,1,50220.0,600,0.0,5.0,6.0
3253,131505.33,1,21018.0,30450,0.0,5.0,4.0
3255,143508.99,1,26244.0,19600,0.0,5.0,3.0
3258,130460.17,1,15058.0,30400,0.0,5.0,4.0
3262,54956.91,1,19000.0,12500,0.0,4.0,4.0
3266,314983.11,1,57000.0,140000,0.0,5.0,4.0
3269,205079.58,1,30450.0,2500,0.0,5.0,3.0
3272,149320.76,1,14300.0,0,0.0,5.0,4.0
3273,169587.87,1,34500.0,12500,0.0,4.0,4.0
3274,255335.65,1,28100.0,7500,0.0,4.0,3.0
3275,178032.82,2,36830.0,7500,0.0,3.0,4.0
3278,263905.89,2,56719.0,0,0.0,3.0,4.0
3279,282626.63,1,43144.0,0,0.0,4.0,4.0
3282,181576.75,1,41810.0,1100,0.0,4.0,3.0
3284,236272.35,1,58960.0,22500,0.0,5.0,4.0
3287,145304.48,1,26500.0,7500,0.0,5.0,4.0
3289,317988.15,2,57119.0,7500,0.0,3.0,3.0
3291,130457.44,2,41850.0,17500,0.0,3.0,3.0
3292,95648.06,1,0.0,17500,0.0,4.0,3.0
3301,121215.37,2,28100.0,2500,0.0,3.0,3.0
3302,138731.63,1,26900.0,2500,0.0,5.0,4.0
3303,161365.34,1,34200.0,45000,0.0,3.0,3.0
3304,427360.21,2,123000.0,68000,0.0,3.0,3.0
3305,223266.16,1,66000.0,27500,0.0,5.0,3.0
3306,179271.66,1,46550.0,22500,0.0,4.0,3.0
3307,66554.21,1,0.0,0,1872.23,5.0,3.0
3315,187700.94,1,40283.0,2500,0.0,5.0,3.0
3319,71959.57,1,1320.0,2500,0.0,4.0,3.0
3321,213943.15,1,39566.0,2500,1100.0,4.0,3.0
3325,177104.68,2,40130.0,0,0.0,3.0,2.0
3330,211805.93,1,42525.0,32500,775.84,5.0,6.0
3336,118094.75,1,33000.0,12500,0.0,5.0,3.0
3338,167954.85,2,28140.0,4000,0.0,4.0,3.0
3340,196948.32,1,52950.0,35000,0.0,4.0,4.0
3341,173642.23,1,60100.0,0,0.0,4.0,3.0
3342,111589.25,1,18700.0,0,0.0,5.0,3.0
3344,176858.03,1,34750.0,7500,0.0,5.0,4.0
3345,277240.79,1,59540.0,27500,0.0,5.0,4.0
3348,178985.55,1,30460.0,7500,0.0,4.0,3.0
3350,67356.85,1,0.0,0,0.0,4.0,2.0
3352,110716.94,1,29900.0,17500,0.0,3.0,3.0
3353,143240.14,2,28350.0,-22500,0.0,3.0,2.0
3356,207451.84,1,56730.0,12500,0.0,4.0,4.0
3360,88575.36,1,19800.0,22500,0.0,4.0,3.0
3362,130006.67,1,25020.0,12500,0.0,4.0,3.0
3363,250182.46,1,51652.0,5000,4300.0,4.0,4.0
3364,290841.97,3,39120.0,2000,0.0,3.0,4.0
3365,279071.58,3,67253.0,2000,0.0,3.0,4.0
3367,166253.69,1,57556.0,5,0.0,4.0,4.0
3370,138383.16,1,28996.0,12500,0.0,4.0,3.0
3371,212266.96,1,60920.0,22500,0.0,5.0,4.0
3374,112893.84,1,30440.0,12500,0.0,4.0,3.0
3375,82444.44,1,17621.0,7500,0.0,5.0,3.0
3376,237271.19,2,54800.0,17500,0.0,3.0,5.0
3379,93525.38,1,14140.0,30000,0.0,5.0,3.0
3381,129014.29,1,19720.0,0,0.0,4.0,3.0
3383,343361.91,1,55800.0,2500,0.0,5.0,4.0
3385,118871.52,1,15600.0,20000,0.0,4.0,3.0
3386,134721.72,2,25740.0,0,0.0,2.0,2.0
3389,92229.5,1,16770.0,7500,0.0,5.0,3.0
3391,63223.46,1,0.0,0,8411.82,5.0,2.0
3392,147219.34,1,26699.0,2500,0.0,5.0,3.0
3396,211232.94,2,11380.0,2500,0.0,3.0,3.0
3397,162711.96,1,49588.0,12500,0.0,4.0,3.0
3400,152875.49,2,25600.0,0,0.0,3.0,2.0
3405,252529.87,2,40397.0,17500,0.0,3.0,5.0
3406,225922.15,3,49036.0,17500,0.0,2.0,5.0
3407,314242.97,1,59259.0,7500,0.0,3.0,4.0
3413,112112.12,1,16020.0,12500,0.0,4.0,2.0
3414,129700.49,1,10000.0,12500,0.0,4.0,2.0
3415,74666.65,1,21840.0,1500,0.0,5.0,4.0
3416,150006.66,1,27690.0,2000,0.0,5.0,4.0
3419,137085.21,1,16633.0,20200,0.0,4.0,3.0
3421,135256.53,1,38750.0,12500,0.0,5.0,4.0
3422,139525.2,1,37000.0,0,0.0,5.0,4.0
3425,94410.75,1,30450.0,17500,0.0,5.0,3.0
3427,96610.37,1,53050.0,17500,0.0,5.0,4.0
3430,178005.54,1,25000.0,500,0.0,4.0,3.0
3432,160101.84,1,26000.0,50000,0.0,4.0,4.0
3434,148352.54,1,29109.0,3000,0.0,4.0,3.0
3435,168602.99,1,72620.0,500,0.0,5.0,5.0
3440,117233.15,1,10800.0,0,0.0,5.0,2.0
3445,138975.22,1,30800.0,12500,0.0,4.0,4.0
3447,128209.03,2,38000.0,2500,0.0,4.0,4.0
3451,214986.97,1,58390.0,-5000,0.0,4.0,4.0
3454,191953.33,1,19498.0,0,0.0,3.0,4.0
3457,239420.26,1,53750.0,1400,0.0,5.0,0.0
3458,298414.56,2,43000.0,0,0.0,3.0,4.0
3459,284651.32,1,35260.0,1000,0.0,3.0,4.0
3461,134439.35,1,528.0,2500,0.0,4.0,3.0
3463,230334.25,1,38930.0,2500,0.0,5.0,4.0
3468,253083.69,1,43589.0,7500,0.0,4.0,3.0
3469,105239.76,1,13968.0,2500,0.0,4.0,3.0
3475,209891.14,1,60240.0,45000,9000.0,4.0,3.0
3489,165387.71,2,53960.0,75000,0.0,3.0,3.0
3490,154889.51,3,21300.0,7500,0.0,2.0,3.0
3491,202929.28,1,44000.0,7500,0.0,2.0,3.0
3492,48847.55,1,0.0,7500,0.0,4.0,3.0
3493,65009.32,1,0.0,2500,0.0,5.0,2.0
3494,59878.4,1,0.0,7500,0.0,3.0,3.0
3495,162735.19,1,45170.0,12500,0.0,3.0,3.0
3500,345141.35,1,88769.0,6000,0.0,5.0,4.0
3501,114036.63,1,0.0,3000,0.0,4.0,3.0
3505,101768.91,1,0.0,0,0.0,4.0,3.0
3508,269986.15,2,41570.0,12500,0.0,3.0,4.0
3513,83555.94,1,15060.5,0,0.0,5.0,2.0
3514,90757.16,1,28621.0,0,0.0,5.0,5.0
3515,150719.29,1,24534.37,7500,0.0,5.0,4.0
3519,173555.26,1,37980.0,7500,0.0,5.0,4.0
3523,304294.23,1,39000.0,2500,0.0,5.0,4.0
3525,168912.11,1,39000.0,22500,0.0,4.0,4.0
3526,237894.71,1,58500.0,17500,0.0,5.0,4.0
3528,94332.52,1,15990.0,17500,0.0,5.0,3.0
3529,109035.88,1,17440.0,0,0.0,4.0,2.0
3530,68947.25,1,0.0,7500,0.0,4.0,3.0
3532,114745.8,2,20100.0,2500,0.0,3.0,3.0
3535,178114.14,1,27030.0,2500,0.0,4.0,3.0
3536,142544.26,1,51697.0,0,0.0,4.0,4.0
3540,209555.32,2,76017.0,187290,0.0,3.0,5.0
3544,140662.15,1,50070.0,-41500,3160.68,5.0,5.0
3547,86989.68,1,9661.0,20800,0.0,4.0,3.0
3549,128999.32,1,21721.0,24200,0.0,4.0,4.0
3557,422737.5,2,62000.0,3000,0.0,3.0,5.0
3558,242998.9,3,45000.0,50000,0.0,2.0,4.0
3561,178294.92,2,24002.0,3000,0.0,4.0,3.0
3562,117816.24,1,23829.0,3000,0.0,4.0,2.0
3566,147226.01,2,39150.0,1000,0.0,3.0,0.0
3568,85474.14,1,0.0,1500,0.0,5.0,3.0
3570,140334.24,1,0.0,600,0.0,5.0,3.0
3572,188805.18,2,8500.0,2500,0.0,4.0,3.0
3575,122279.68,1,24690.0,7500,0.0,5.0,2.0
3577,132198.38,1,44500.0,-12000,0.0,3.0,3.0
3580,128635.53,1,49380.0,10000,0.0,3.0,3.0
3581,128754.2,1,30570.0,-1000,0.0,4.0,6.0
3582,259265.88,2,48605.0,0,0.0,3.0,4.0
3584,364527.67,1,67185.0,0,0.0,5.0,6.0
3585,255324.54,1,47950.0,0,0.0,5.0,4.0
3586,243972.4,3,51943.0,0,0.0,3.0,3.0
3588,169032.02,2,38350.0,600,0.0,3.0,4.0
3589,213233.37,1,47200.0,21000,0.0,3.0,4.0
3590,154275.26,1,34450.0,1200,0.0,3.0,4.0
3591,278325.47,1,34340.0,17500,0.0,5.0,4.0
3592,341557.63,1,61080.0,17500,0.0,4.0,4.0
3594,152203.6,1,37500.0,7500,0.0,5.0,3.0
3595,284964.75,1,84300.0,7500,0.0,5.0,6.0
3600,226632.1,2,51650.0,5000,0.0,3.0,4.0
3604,58889.98,1,0.0,22500,0.0,4.0,3.0
3607,111498.13,1,41650.0,2500,0.0,4.0,6.0
3608,113698.97,1,25700.0,2500,0.0,5.0,4.0
3609,130011.61,2,39900.0,2500,0.0,3.0,5.0
3610,121641.9,1,19300.0,2500,0.0,5.0,4.0
3611,191277.19,1,41400.0,2500,0.0,4.0,3.0
3612,212993.33,2,46911.0,17500,8580.0,3.0,4.0
3615,118464.69,1,2650.0,22500,1410.0,5.0,3.0
3618,182363.78,1,37844.0,2500,0.0,4.0,3.0
3619,163534.75,1,23333.0,0,0.0,5.0,3.0
3620,231061.83,2,27300.0,0,0.0,3.0,3.0
3623,212569.78,1,44212.0,12500,1452.65,4.0,3.0
3625,383630.32,1,61184.0,-55000,0.0,3.0,3.0
3627,133030.57,1,15421.0,7500,0.0,5.0,3.0
3634,191668.59,1,43160.0,275000,0.0,5.0,6.0
3635,66869.04,1,0.0,0,0.0,5.0,2.0
3636,85091.17,1,0.0,0,0.0,4.0,2.0
3637,273019.16,1,41082.0,0,0.0,4.0,4.0
3638,63507.21,1,2498.0,2500,0.0,5.0,3.0
3641,137217.39,1,69804.0,7500,0.0,5.0,4.0
3643,114844.94,1,16073.0,7500,0.0,4.0,3.0
3644,117389.64,1,12300.0,7500,0.0,5.0,4.0
3648,157227.76,1,29700.0,2500,0.0,4.0,6.0
3650,133628.49,1,27300.0,36300,0.0,,
3652,195346.0,1,43400.0,0,0.0,5.0,3.0
3654,91714.3,1,10570.0,0,0.0,4.0,3.0
3655,124665.2,1,11310.0,2500,0.0,4.0,3.0
3662,112002.1,1,39010.0,12500,0.0,5.0,3.0
3665,272550.09,1,44476.0,3000,4000.0,5.0,4.0
3667,185729.27,1,48745.0,12500,0.0,4.0,4.0
3669,111800.86,1,30115.0,2500,0.0,5.0,4.0
3675,171307.78,2,32400.0,900,0.0,3.0,3.0
3677,141304.25,1,4200.0,0,0.0,5.0,3.0
3678,120028.01,1,704.0,2500,0.0,4.0,3.0
3684,171288.28,1,27980.0,2500,0.0,5.0,4.0
3688,78411.54,1,0.0,2500,0.0,5.0,3.0
3693,116419.78,1,39381.0,0,0.0,5.0,3.0
3694,114809.17,1,14841.0,10000,0.0,5.0,3.0
3695,105524.01,1,34800.0,2500,0.0,5.0,5.0
3703,115205.76,1,8350.0,-24000,5000.0,5.0,3.0
3706,117935.39,1,19530.0,2500,0.0,5.0,3.0
3708,138680.58,1,26940.0,2500,0.0,5.0,3.0
3754,133628.49,1,27300.0,36300,0.0,4.0,4.0
3761,405431.53,1,65730.0,17500,0.0,5.0,4.0
3762,74671.35,1,21596.93,0,0.0,5.0,3.0
3770,186517.82,1,57330.0,15000,0.0,5.0,3.0
3778,64643.09,1,13650.0,7500,0.0,4.0,3.0
3784,126884.4,1,39400.0,7500,0.0,5.0,2.0
3791,99389.67,1,13100.0,10000,0.0,5.0,3.0
3795,98521.72,1,9300.0,12500,0.0,4.0,2.0
3799,200944.7,1,41330.0,1000,0.0,5.0,4.0
3801,198385.08,1,26221.0,18400,0.0,3.0,4.0
3807,126280.67,2,16620.0,2500,0.0,3.0,2.0
3813,115907.5,1,15800.0,7500,0.0,5.0,4.0
3823,144369.49,1,40480.0,0,0.0,3.0,3.0
3832,196496.46,3,58100.0,67500,0.0,2.0,3.0
3835,83791.32,1,0.0,18000,0.0,4.0,3.0
3839,58885.59,1,0.0,17500,0.0,2.0,3.0
3875,143580.15,2,17228.0,2500,0.0,2.0,3.0
3880,192896.6,1,37910.0,7500,0.0,5.0,3.0
3884,175542.15,1,29000.0,0,0.0,5.0,2.0
3904,158669.57,1,51800.0,54000,0.0,5.0,3.0
3920,203634.93,1,26776.0,7500,1200.0,5.0,3.0
3928,229754.98,1,7800.0,1500,10715.93,4.0,3.0
3940,199285.56,1,42670.0,17500,0.0,4.0,3.0
3963,80028.51,1,15210.0,0,0.0,4.0,3.0
3964,194966.94,2,77129.68,0,0.0,3.0,5.0
3976,171044.89,2,37350.0,0,0.0,3.0,3.0
3988,339755.16,3,48010.0,12500,0.0,3.0,4.0
3997,74070.6,1,0.0,2500,0.0,5.0,3.0
4001,121270.68,1,43700.0,35000,0.0,5.0,4.0
4003,75889.73,1,0.0,5000,0.0,3.0,2.0
4011,145291.22,1,24300.0,2500,0.0,4.0,3.0
4019,121777.73,1,34440.0,2500,0.0,5.0,6.0
4042,189769.29,1,27000.0,70000,0.0,5.0,4.0
4065,117831.65,1,19900.0,35000,0.0,5.0,3.0
4068,201687.55,1,46800.0,27500,0.0,5.0,5.0
4076,140638.96,1,12570.0,2500,0.0,5.0,3.0
4080,142895.62,2,29400.0,7500,0.0,3.0,2.0
4095,161736.52,1,27100.0,45000,0.0,4.0,3.0
4117,133713.7,1,21315.0,0,0.0,5.0,3.0
4125,41901.37,1,0.0,12500,3026.08,4.0,2.0
4133,98347.26,1,19700.0,0,0.0,5.0,3.0
4149,85507.71,1,0.0,2500,0.0,4.0,2.0
4150,252729.59,1,71300.0,0,0.0,5.0,3.0
4151,244450.24,1,55400.0,67500,0.0,4.0,3.0
4153,88650.58,1,22550.0,22500,0.0,5.0,3.0
4169,194936.75,1,54340.0,0,0.0,3.0,3.0
4182,113413.72,1,47203.0,12500,0.0,4.0,3.0
4201,111469.37,1,23000.0,2500,0.0,5.0,6.0
4209,75261.68,1,0.0,45000,12810.4,4.0,3.0
4222,245341.18,2,44145.0,0,0.0,3.0,3.0
4226,68658.85,1,0.0,0,0.0,4.0,2.0
4229,157109.04,1,60989.0,12500,0.0,5.0,4.0
4230,117208.4,1,15608.0,2500,0.0,4.0,3.0
4231,62252.31,1,2888.0,2500,0.0,4.0,3.0
4240,131640.61,1,21300.0,12500,0.0,5.0,3.0
4246,176485.16,1,63025.88,0,0.0,4.0,4.0
4248,170191.35,2,42650.0,7500,0.0,3.0,3.0
4250,176162.1,2,41950.0,12500,0.0,3.0,3.0
4257,142405.05,1,30420.0,22500,0.0,5.0,3.0
4258,174760.66,1,39000.0,17500,0.0,4.0,3.0
4263,73794.81,1,22220.0,-3000,0.0,3.0,3.0
4267,186587.37,2,29415.0,2000,0.0,3.0,3.0
4268,75445.54,1,0.0,500,0.0,4.0,2.0
4273,100053.8,1,424.0,2500,0.0,4.0,3.0
4276,143447.65,1,43540.0,2500,0.0,4.0,4.0
4280,75635.4,1,0.0,2500,0.0,4.0,3.0
4286,90521.91,1,0.0,0,0.0,2.0,2.0
4287,179667.52,1,49906.0,27500,0.0,5.0,3.0
4304,199811.29,1,37139.0,7500,0.0,5.0,3.0
4305,169743.6,1,35749.0,2500,0.0,4.0,4.0
4306,107156.92,2,48700.0,27500,0.0,3.0,5.0
4307,91336.65,1,29700.0,17500,0.0,5.0,4.0
4308,89591.32,1,29800.0,27500,0.0,4.0,4.0
4309,133169.31,1,37600.0,27500,0.0,4.0,5.0
4315,206073.67,1,36575.0,0,0.0,5.0,6.0
4319,184029.63,2,42122.0,0,0.0,4.0,3.0
4327,66538.76,1,0.0,2000,0.0,5.0,3.0
4329,115750.32,1,36200.0,1000,0.0,5.0,5.0
4336,45188.64,1,0.0,0,0.0,5.0,3.0
4347,491922.73,1,127500.0,27500,0.0,5.0,2.0
4352,94667.94,1,12000.0,-42500,0.0,5.0,3.0
4359,263364.18,1,45968.0,2500,0.0,5.0,4.0
4361,283882.96,1,60733.0,2500,500.0,4.0,5.0
4364,235042.23,1,42485.0,0,0.0,4.0,3.0
4370,100731.87,1,23400.0,3000,0.0,5.0,3.0
4399,91223.88,1,29700.0,2500,0.0,5.0,2.0
4401,94090.08,1,21630.0,7500,0.0,5.0,2.0
4414,124116.95,1,21532.0,24700,0.0,5.0,3.0
4416,167748.24,1,30035.0,20500,0.0,5.0,4.0
4423,160186.58,3,45750.0,0,0.0,2.0,4.0
4427,111209.14,1,48200.0,0,0.0,5.0,4.0
4428,129358.47,1,62500.0,17500,0.0,5.0,4.0
4458,201822.81,1,30016.0,-12500,0.0,4.0,2.0
4502,146643.64,1,41440.0,1000,0.0,5.0,4.0
4509,91317.39,1,0.0,500,0.0,4.0,2.0
4518,178239.96,2,36310.0,7500,0.0,3.0,2.0
4519,140819.43,1,22080.0,7500,0.0,5.0,2.0
4541,114271.2,1,11300.0,35000,0.0,4.0,4.0
4544,581257.56,3,71000.0,13000,0.0,3.0,4.0
4552,138107.3,1,29800.0,2500,0.0,5.0,4.0
4554,105318.17,1,31000.0,12500,0.0,3.0,2.0
4592,174044.4,2,44370.0,2500,0.0,3.0,3.0
4593,79953.08,1,1068.0,2500,0.0,3.0,3.0
4619,212047.72,2,38000.0,7500,0.0,3.0,4.0
4633,252130.82,1,58800.0,27500,0.0,5.0,4.0
4651,101498.74,1,23400.0,12500,0.0,4.0,4.0
4654,180890.55,2,42900.0,12500,0.0,3.0,3.0
4659,218737.49,1,25700.0,12500,0.0,4.0,3.0
4672,225697.7,3,84450.0,600,0.0,3.0,4.0
4687,90477.36,1,38300.0,0,0.0,5.0,4.0
4688,97643.35,1,49800.0,17500,0.0,5.0,4.0
4693,108565.65,1,13000.0,40000,0.0,5.0,4.0
4701,193984.82,1,33600.0,1500,0.0,5.0,3.0
4708,179136.63,3,42170.0,0,0.0,2.0,3.0
4714,162645.48,1,54280.0,-5000,0.0,5.0,6.0
4752,215708.07,2,39323.0,0,0.0,3.0,3.0
4769,153676.31,3,25500.0,7500,0.0,2.0,3.0
4812,226848.66,1,48010.0,12500,0.0,4.0,4.0
4813,57582.94,1,0.0,0,0.0,4.0,2.0
4862,150433.61,1,29877.0,3000,0.0,4.0,3.0
4868,115099.28,1,17800.0,2500,0.0,4.0,3.0
4873,245944.79,3,59416.0,61200,0.0,2.0,5.0
4886,213943.15,1,39566.0,2500,1100.0,4.0,3.0
4901,172392.18,2,33150.0,87000,0.0,2.0,5.0
4913,210361.59,1,66708.0,5000,0.0,4.0,5.0
5008,164474.12,1,52200.0,2500,0.0,4.0,3.0
5031,197468.36,1,47150.0,7500,0.0,4.0,3.0
5037,185717.45,1,30370.0,2500,0.0,4.0,3.0
5042,161580.2,2,13400.0,2500,0.0,2.0,3.0
5173,242069.99,3,55700.0,7500,0.0,3.0,5.0
5179,317504.07,1,40002.0,59760,0.0,5.0,6.0
5201,131838.89,1,42660.0,2500,0.0,5.0,6.0
5212,106705.64,1,19890.0,2500,0.0,5.0,3.0
5310,144542.8,1,13300.0,0,0.0,5.0,3.0
5357,109399.88,1,0.0,12500,0.0,4.0,4.0
5359,154580.67,2,50010.0,5000,0.0,3.0,3.0
5431,146805.27,1,23223.0,36300,0.0,4.0,4.0
5441,308127.12,1,50000.0,200000,0.0,5.0,4.0
5459,206953.12,2,47440.0,0,0.0,3.0,4.0
5461,97169.43,1,17270.0,5000,0.0,3.0,3.0
5613,63011.56,1,0.0,0,8974.05,2.0,2.0
5655,198252.27,2,81900.0,55000,0.0,3.0,4.0
5735,136496.55,2,23460.0,2500,0.0,2.0,4.0
5760,137720.91,1,0.0,15000,0.0,4.0,6.0
5782,132578.97,2,22700.0,35000,0.0,3.0,4.0
5824,264280.62,2,53000.0,80000,0.0,3.0,5.0
5962,236280.62,1,48340.0,2500,0.0,5.0,3.0
